<?xml version='1.0' standalone='yes'?>
<componentData>
  <component>
    <componentBaseName>3p/flexnet</componentBaseName>
    <componentFileName>3p/flexnet_glnxa64_1469207990.enc</componentFileName>
    <componentName>3p/flexnet_glnxa64</componentName>
    <componentVersion>1469207990</componentVersion>
    <instrset>0</instrset>
    <locale></locale>
    <locationId>1</locationId>
    <numFiles>3</numFiles>
    <platformList>
      <platform>glnxa64</platform>
    </platformList>
    <releaseFamily>R2016b</releaseFamily>
    <size>1620539</size>
    <type></type>
    <uncompressedBytes>4603576</uncompressedBytes>
  </component>
</componentData>
