<?xml version='1.0' standalone='yes'?>
<componentData>
  <component>
    <componentBaseName>bin_utils</componentBaseName>
    <componentFileName>bin_utils_glnxa64_1469208036.enc</componentFileName>
    <componentName>bin_utils_glnxa64</componentName>
    <componentVersion>1469208036</componentVersion>
    <instrset>0</instrset>
    <locale></locale>
    <locationId>1</locationId>
    <numFiles>1</numFiles>
    <platformList>
      <platform>glnxa64</platform>
    </platformList>
    <releaseFamily>R2016b</releaseFamily>
    <size>2337</size>
    <type></type>
    <uncompressedBytes>7544</uncompressedBytes>
  </component>
</componentData>
