<?xml version='1.0' standalone='yes'?>
<componentData>
  <component>
    <componentBaseName>gcc_runtime</componentBaseName>
    <componentFileName>gcc_runtime_glnxa64_1469208015.enc</componentFileName>
    <componentName>gcc_runtime_glnxa64</componentName>
    <componentVersion>1469208015</componentVersion>
    <instrset>0</instrset>
    <locale></locale>
    <locationId>1</locationId>
    <numFiles>8</numFiles>
    <platformList>
      <platform>glnxa64</platform>
    </platformList>
    <releaseFamily>R2016b</releaseFamily>
    <size>3711511</size>
    <type></type>
    <uncompressedBytes>13929817</uncompressedBytes>
  </component>
</componentData>
