<?xml version='1.0' standalone='yes'?>
<componentData>
  <component>
    <componentBaseName>license_manager</componentBaseName>
    <componentFileName>license_manager_glnxa64_1469211809.enc</componentFileName>
    <componentName>license_manager_glnxa64</componentName>
    <componentVersion>1469211809</componentVersion>
    <instrset>0</instrset>
    <locale></locale>
    <locationId>1</locationId>
    <numFiles>26</numFiles>
    <platformList>
      <platform>glnxa64</platform>
    </platformList>
    <releaseFamily>R2016b</releaseFamily>
    <size>4683336</size>
    <type></type>
    <uncompressedBytes>13802906</uncompressedBytes>
  </component>
</componentData>
