<?xml version='1.0' standalone='yes'?>
<contents>
  <componentFiles>gcc_runtime_glnxa64_1469208015.enc</componentFiles>
  <componentFiles>3p/flexnet_glnxa64_1469207990.enc</componentFiles>
  <componentFiles>bin_utils_glnxa64_1469208036.enc</componentFiles>
  <componentFiles>license_manager_glnxa64_1469211809.enc</componentFiles>
  <definitions>gcc_runtime_glnxa64_1469208015.xml</definitions>
  <definitions>3p/flexnet_glnxa64_1469207990.xml</definitions>
  <definitions>bin_utils_glnxa64_1469208036.xml</definitions>
  <definitions>license_manager_glnxa64_1469211809.xml</definitions>
  <definitions>productdata_License_Manager111313_glnxa64.xml</definitions>
</contents>
