<?xml version='1.0' standalone='yes'?>
<productAdditionalComps>
  <dependsOn>
    <component>
      <name>gcc_runtime_glnxa64</name>
      <instrset>0</instrset>
      <locale></locale>
      <platformList>
        <platform>glnxa64</platform>
      </platformList>
      <version>1469208015</version>
    </component>
    <component>
      <name>3p/flexnet_glnxa64</name>
      <instrset>0</instrset>
      <locale></locale>
      <platformList>
        <platform>glnxa64</platform>
      </platformList>
      <version>1469207990</version>
    </component>
    <component>
      <name>bin_utils_glnxa64</name>
      <instrset>0</instrset>
      <locale></locale>
      <platformList>
        <platform>glnxa64</platform>
      </platformList>
      <version>1469208036</version>
    </component>
    <component>
      <name>license_manager_glnxa64</name>
      <instrset>0</instrset>
      <locale></locale>
      <platformList>
        <platform>glnxa64</platform>
      </platformList>
      <version>1469211809</version>
    </component>
  </dependsOn>
  <isControllingProduct>false</isControllingProduct>
  <licenseAgreementType></licenseAgreementType>
  <platform>glnxa64</platform>
  <productBaseCode></productBaseCode>
  <productName>License Manager</productName>
  <productNumber>0</productNumber>
  <productVersion>11.13.1.3</productVersion>
  <releaseDescription>R2016b</releaseDescription>
  <releaseFamily>R2016b</releaseFamily>
</productAdditionalComps>
